x,y,x_label,metric
0,0.856391258476509,epoch,score
1,0.856391258476509,epoch,score
