{
    "start_point": [
        5.0,
        9.545454545454545,
        0.9519504146185286
    ],
    "goal_point": [
        6.363636363636363,
        1.3636363636363635,
        0.01652944319729155
    ],
    "start_idx": 494,
    "goal_idx": 83,
    "execution_time": 0.009289979934692383,
    "memory_used_mb": 2.27734375,
    "path_length": 16.874020569000578,
    "success": true,
    "path_efficiency": 8.526765613846958
}