{
    "start_point": [
        5.0,
        9.545454545454545,
        0.9519504146185286
    ],
    "goal_point": [
        6.363636363636363,
        1.3636363636363635,
        0.01652944319729155
    ],
    "start_idx": 374,
    "goal_idx": 524,
    "execution_time": 0.02876901626586914,
    "memory_used_mb": 0.6875,
    "path_length": 8.971246719360352,
    "success": true,
    "path_efficiency": 0.6239917642067319
}