x,y,x_label,metric
0,0.06666666666666667,epoch,score
1,0.16666666666666666,epoch,score
67789,0.16666666666666666,total tokens,score
