x,y,x_label,metric
0,0.8381238178221455,epoch,score
1,0.8397868543174594,epoch,score
